{
  "packages": [
    {
      "name": "cytron",
      "maintainer": "Cytron",
      "websiteURL": "http://www.cytron.com.my",
      "email": "support@cytron.com.my",
      "help": {
        "online": "http://forum.cytron.com.my/"
      },
      "platforms": [
        {
          "name": "Cytron AVR Boards",
          "architecture": "avr",
          "version": "1.5.4",
          "category": "Cytron",
          "url": "https://raw.githubusercontent.com/CytronTechnologies/Cytron-Arduino-URL/master/cytron-avr.tar.bz2",
          "archiveFileName": "cytron-avr.tar.bz2",
          "checksum": "SHA-256:DE319A561ABEFCC0062E40F9D41E3ABCAA398D74E11BBDAE070E6E8153ED88B9",
          "size": "1766217",
          "help": {
            "online": "http://forum.cytron.com.my/"
          },
          "boards": [
            {
              "name": "Cuteduino"
            },
            {
              "name": "CT UNO"
            }
          ],
          "toolsDependencies": [
            {
              "packager": "arduino",
              "name": "avr-gcc",
              "version": "4.8.1-arduino5"
            },
            {
              "packager":"arduino",
              "name":"avrdude",
              "version":"6.0.1-arduino5"
            },
            {
              "packager": "cytron",
              "name": "avr-dummy",
              "version": "avr-dummy"
            }
          ]
        }
      ],
      "tools": [
        {
          "name": "avr-dummy",
          "version": "avr-dummy",
          "systems": [
            {
              "host": "i686-mingw32",
              "archiveFileName": "avr-dummy-windows.tar.bz2",
              "url": "https://raw.githubusercontent.com/CytronTechnologies/Cytron-Arduino-URL/master/avr-dummy-windows.tar.bz2",
              "checksum": "SHA-256:A11DA301CBA13C9F510F8C6E282C3D9C00B560644982370492BFF357EF71C51C",

              "size": "365764"
            },
            {
              "host": "x86_64-apple-darwin",
              "archiveFileName": "avr-dummy-darwin.tar.bz2",
              "url": "https://raw.githubusercontent.com/CytronTechnologies/Cytron-Arduino-URL/master/avr-dummy-darwin.tar.bz2",
              "checksum": "SHA-256:7E2AD9B4ABE8B3A3F8F9DD1743004B743260ED2DC3398D4002BF28F350406C5D",

              "size": "44248"
            }
          ]
        }
      ]
    }
  ]
}
